filename,simSeconds,hostSeconds,cpi,ipc
gcc_X86O0_m5out,0.113673,681.59,3.413604,0.292945
gcc_X86O1_m5out,0.117272,718.54,3.521675,0.283956
gcc_X86O2_m5out,0.115169,710.21,3.458536,0.289140
gcc_X86O3_m5out,0.115676,687.39,3.473750,0.287873
bzip2_X86O0_m5out,0.067942,439.46,2.040303,0.490123
bzip2_X86O1_m5out,0.080733,511.91,2.424426,0.412469
bzip2_X86O2_m5out,0.079655,515.97,2.392055,0.418051
bzip2_X86O3_m5out,0.080307,509.97,2.411624,0.414658
